{
  "quantidades": [
    1,
    2,
    5,
    10,
    25
  ],
  "tempos_original": [
    0.009930849075317383,
    0.01949000358581543,
    0.04898214340209961,
    0.09958243370056152,
    0.21081972122192383
  ],
  "tempos_paralelo": [
    0.011349916458129883,
    0.010918855667114258,
    0.014781713485717773,
    0.006804704666137695,
    0.015560626983642578
  ]
}